x,y,z,Ux,Uy,Uz,U_magnitude
0.0625,0.05,0.03125,-3.96732e-05,0.0,4.82537e-05,6.246905123283049e-05
0.1875,0.05,0.03125,-0.00012556,0.0,4.57055e-05,0.00013362000722290807
0.3125,0.05,0.03125,-0.000216264,0.0,4.49472e-05,0.00022088541935546584
0.4375,0.05,0.03125,-0.000305202,0.0,4.49958e-05,0.0003085010256411476
0.5625,0.05,0.03125,-0.000395329,0.0,4.56306e-05,0.0003979537283370518
0.6875,0.05,0.03125,-0.000487569,0.0,4.67346e-05,0.0004898036878160065
0.8125,0.05,0.03125,-0.000582821,0.0,4.82248e-05,0.0005848127472756044
0.9375,0.05,0.03125,-0.000681794,0.0,5.00262e-05,0.0006836268566421598
1.0625,0.05,0.03125,-0.000785035,0.0,5.20447e-05,0.0007867582869109737
1.1875,0.05,0.03125,-0.000892903,0.0,5.41913e-05,0.0008945459543280546
1.3125,0.05,0.03125,-0.00100556,0.0,5.63704e-05,0.0010071387866605872
1.4375,0.05,0.03125,-0.00112301,0.0,5.85071e-05,0.0011245330323518335
1.5625,0.05,0.03125,-0.0012451,0.0,6.0532e-05,0.0012465705487552641
1.6875,0.05,0.03125,-0.00137154,0.0,6.24023e-05,0.0013729588554087448
1.8125,0.05,0.03125,-0.00150199,0.0,6.40813e-05,0.0015033563692982744
1.9375,0.05,0.03125,-0.00163605,0.0,6.55559e-05,0.0016373628731972672
2.0625,0.05,0.03125,-0.00177328,0.0,6.68143e-05,0.0017745382805351058
2.1875,0.05,0.03125,-0.00191324,0.0,6.7862e-05,0.0019144431432257267
2.3125,0.05,0.03125,-0.0020555,0.0,6.87007e-05,0.002056647766677729
2.4375,0.05,0.03125,-0.00219965,0.0,6.93442e-05,0.0022007427701968355
2.5625,0.05,0.03125,-0.00234527,0.0,6.97994e-05,0.0023463084471442284
2.6875,0.05,0.03125,-0.002492,0.0,7.00813e-05,0.002492985236340097
2.8125,0.05,0.03125,-0.00263947,0.0,7.0197e-05,0.0026404032835362482
2.9375,0.05,0.03125,-0.00278735,0.0,7.01595e-05,0.002788232841414119
3.0625,0.05,0.03125,-0.00293532,0.0,6.99734e-05,0.002936153909301684
3.1875,0.05,0.03125,-0.00308308,0.0,6.96483e-05,0.00308386659440594
3.3125,0.05,0.03125,-0.00323032,0.0,6.91858e-05,0.0032310608130026956
3.4375,0.05,0.03125,-0.00337677,0.0,6.85918e-05,0.0033774665753974887
3.5625,0.05,0.03125,-0.00352214,0.0,6.78647e-05,0.003522793748874051
3.6875,0.05,0.03125,-0.00366616,0.0,6.70069e-05,0.003666772295936524
3.8125,0.05,0.03125,-0.00380853,0.0,6.60139e-05,0.0038091020721284447
3.9375,0.05,0.03125,-0.00394897,0.0,6.48848e-05,0.003949503019136843
4.0625,0.05,0.03125,-0.00408719,0.0,6.36121e-05,0.004087684992188905
4.1875,0.05,0.03125,-0.00422288,0.0,6.21922e-05,0.004223337941029683
4.3125,0.05,0.03125,-0.00435572,0.0,6.06147e-05,0.0043561417401475925
4.4375,0.05,0.03125,-0.00448537,0.0,5.88727e-05,0.004485756350015601
4.5625,0.05,0.03125,-0.00461147,0.0,5.69529e-05,0.0046118216784388376
4.6875,0.05,0.03125,-0.00473366,0.0,5.48453e-05,0.004733977714621404
4.8125,0.05,0.03125,-0.00485151,0.0,5.25333e-05,0.004851794413174252
4.9375,0.05,0.03125,-0.0049646,0.0,5.00031e-05,0.004964851807457057
5.0625,0.05,0.03125,-0.00507245,0.0,4.72344e-05,0.005072669917414631
5.1875,0.05,0.03125,-0.00517457,0.0,4.42095e-05,0.005174758850882835
5.3125,0.05,0.03125,-0.00527039,0.0,4.09036e-05,0.005270548724430214
5.4375,0.05,0.03125,-0.00535933,0.0,3.72941e-05,0.005359459758109469
5.5625,0.05,0.03125,-0.00544075,0.0,3.33513e-05,0.005440852219249452
5.6875,0.05,0.03125,-0.00551393,0.0,2.90472e-05,0.0055140065093113415
5.8125,0.05,0.03125,-0.00557811,0.0,2.43459e-05,0.005578163129108614
5.9375,0.05,0.03125,-0.00563245,0.0,1.92133e-05,0.005632482769915669
6.0625,0.05,0.03125,-0.00567606,0.0,1.36063e-05,0.005676076308067017
6.1875,0.05,0.03125,-0.00570792,0.0,7.48278e-06,0.005707924904761495
6.3125,0.05,0.03125,-0.00572697,0.0,7.93632e-07,0.005726970054989964
6.4375,0.05,0.03125,-0.00573202,0.0,-6.50727e-06,0.005732023693684705
6.5625,0.05,0.03125,-0.00572178,0.0,-1.44712e-05,0.0057217982998380365
6.6875,0.05,0.03125,-0.0056949,0.0,-2.31545e-05,0.0056949470709454575
6.8125,0.05,0.03125,-0.00564986,0.0,-3.26315e-05,0.005649954232946692
6.9375,0.05,0.03125,-0.00558503,0.0,-4.29695e-05,0.00558519529460074
7.0625,0.05,0.03125,-0.00549862,0.0,-5.42485e-05,0.005498887596973796
7.1875,0.05,0.03125,-0.0053887,0.0,-6.65458e-05,0.005389110875969954
7.3125,0.05,0.03125,-0.00525316,0.0,-7.99535e-05,0.005253768413982695
7.4375,0.05,0.03125,-0.00508974,0.0,-9.45614e-05,0.0050906183441670385
7.5625,0.05,0.03125,-0.00489597,0.0,-0.000110476,0.004897216269216217
7.6875,0.05,0.03125,-0.0046692,0.0,-0.000127799,0.004670948642877697
7.8125,0.05,0.03125,-0.00440656,0.0,-0.000146654,0.004408999708473114
7.9375,0.05,0.03125,-0.00410495,0.0,-0.00016716,0.004108352098846932
8.0625,0.05,0.03125,-0.00376103,0.0,-0.000189455,0.003765798701195405
8.1875,0.05,0.03125,-0.00337121,0.0,-0.000213671,0.003377974564785975
8.3125,0.05,0.03125,-0.00293163,0.0,-0.000239987,0.002941436420708257
8.4375,0.05,0.03125,-0.00243803,0.0,-0.000268585,0.0024527796849951686
8.5625,0.05,0.03125,-0.00188611,0.0,-0.000299625,0.001909760737036187
8.6875,0.05,0.03125,-0.00127046,0.0,-0.000333343,0.00131346342440473
8.8125,0.05,0.03125,-0.000587235,0.0,-0.000369986,0.0006940710233261434
8.9375,0.05,0.03125,0.00017202,0.0,-0.000408874,0.0004435863256188134
9.0625,0.05,0.03125,0.0010096,0.0,-0.000449664,0.0011052103297092368
9.1875,0.05,0.03125,0.00193257,0.0,-0.000493306,0.001994536942384372
9.3125,0.05,0.03125,0.00294786,0.0,-0.000540248,0.0029969562027337003
9.4375,0.05,0.03125,0.0040626,0.0,-0.000590652,0.004105312234788483
9.5625,0.05,0.03125,0.00528444,0.0,-0.000644732,0.005323625218347362
9.6875,0.05,0.03125,0.00662156,0.0,-0.000702684,0.006658740244029347
9.8125,0.05,0.03125,0.00808262,0.0,-0.000764749,0.008118718316175343
9.9375,0.05,0.03125,0.00967688,0.0,-0.000831148,0.009712508096897733
10.0625,0.05,0.03125,0.0114142,0.0,-0.000902151,0.011449796420321236
10.1875,0.05,0.03125,0.0133049,0.0,-0.000977998,0.013340796231784817
10.3125,0.05,0.03125,0.0153603,0.0,-0.00105898,0.015396761176637118
10.4375,0.05,0.03125,0.0175922,0.0,-0.00114537,0.017629446198814642
10.5625,0.05,0.03125,0.020013,0.0,-0.00123749,0.0200512231671811
10.6875,0.05,0.03125,0.0226363,0.0,-0.0013356,0.022675667686972305
10.8125,0.05,0.03125,0.025476,0.0,-0.00144008,0.025516669187149014
10.9375,0.05,0.03125,0.0285474,0.0,-0.00155121,0.028589513798315983
11.0625,0.05,0.03125,0.0318662,0.0,-0.00166938,0.03190989708576948
11.1875,0.05,0.03125,0.0354495,0.0,-0.0017949,0.03549491113187917
11.3125,0.05,0.03125,0.039315,0.0,-0.00192819,0.039362255292044686
11.4375,0.05,0.03125,0.0434817,0.0,-0.00206959,0.04353092507239077
11.5625,0.05,0.03125,0.0479696,0.0,-0.00221952,0.048020920370088704
11.6875,0.05,0.03125,0.0527998,0.0,-0.00237835,0.0528533388610644
11.8125,0.05,0.03125,0.0579947,0.0,-0.00254653,0.05805058176393153
11.9375,0.05,0.03125,0.0635779,0.0,-0.00272445,0.06363624750260263
12.0625,0.05,0.03125,0.069574,0.0,-0.00291257,0.06963493763912551
12.1875,0.05,0.03125,0.0760095,0.0,-0.0031113,0.0760731508348379
12.3125,0.05,0.03125,0.0829117,0.0,-0.00332113,0.08297818931120937
12.4375,0.05,0.03125,0.0903096,0.0,-0.00354246,0.09037905108492565
12.5625,0.05,0.03125,0.0982338,0.0,-0.00377581,0.09830633857283111
12.6875,0.05,0.03125,0.106716,0.0,-0.00402159,0.1067917498785749
12.8125,0.05,0.03125,0.11579,0.0,-0.00428033,0.11586908701163094
12.9375,0.05,0.03125,0.125491,0.0,-0.00455243,0.12557354697508905
13.0625,0.05,0.03125,0.135856,0.0,-0.00483844,0.1359421319445653
13.1875,0.05,0.03125,0.146922,0.0,-0.00513878,0.147011840148637
13.3125,0.05,0.03125,0.158731,0.0,-0.00545396,0.15882467075577902
13.4375,0.05,0.03125,0.171324,0.0,-0.00578441,0.1714216216673034
13.5625,0.05,0.03125,0.184745,0.0,-0.00613066,0.18484669328131242
13.6875,0.05,0.03125,0.19904,0.0,-0.00649312,0.19914588172325934
13.8125,0.05,0.03125,0.214256,0.0,-0.00687229,0.2143661864796874
13.9375,0.05,0.03125,0.230442,0.0,-0.00726858,0.23055660393755023
14.0625,0.05,0.03125,0.247649,0.0,-0.00768248,0.24776813293874256
14.1875,0.05,0.03125,0.265931,0.0,-0.00811438,0.26605476865447153
14.3125,0.05,0.03125,0.285342,0.0,-0.00856476,0.2854705099968429
14.4375,0.05,0.03125,0.305939,0.0,-0.00903396,0.30607235117579895
14.5625,0.05,0.03125,0.327781,0.0,-0.00952244,0.32791929010741894
14.6875,0.05,0.03125,0.350929,0.0,-0.0100305,0.3510723201439413
14.8125,0.05,0.03125,0.375445,0.0,-0.0105587,0.3755934426619959
14.9375,0.05,0.03125,0.401393,0.0,-0.0111071,0.4015466450107758
15.0625,0.05,0.03125,0.42884,0.0,-0.0116762,0.42899892685931046
15.1875,0.05,0.03125,0.457854,0.0,-0.0122662,0.45801828017933954
15.3125,0.05,0.03125,0.488503,0.0,-0.0128774,0.48867270073103125
15.4375,0.05,0.03125,0.52086,0.0,-0.01351,0.5210351808659374
15.5625,0.05,0.03125,0.554996,0.0,-0.0141642,0.5551767147293193
15.6875,0.05,0.03125,0.590986,0.0,-0.01484,0.591172291126707
15.8125,0.05,0.03125,0.628905,0.0,-0.0155373,0.6290968977163137
15.9375,0.05,0.03125,0.668828,0.0,-0.0162561,0.6690255259489057
16.0625,0.05,0.03125,0.710831,0.0,-0.016996,0.7110341585163121
16.1875,0.05,0.03125,0.754989,0.0,-0.0177564,0.7551977753290591
16.3125,0.05,0.03125,0.801377,0.0,-0.0185365,0.8015913534721105
16.4375,0.05,0.03125,0.850066,0.0,-0.0193349,0.8502858594108277
16.5625,0.05,0.03125,0.901126,0.0,-0.0201498,0.9013512535721243
16.6875,0.05,0.03125,0.954619,0.0,-0.0209786,0.954849483855419
16.8125,0.05,0.03125,1.0106,0.0,-0.0218175,1.0108354778628665
16.9375,0.05,0.03125,1.06911,0.0,-0.0226614,1.0693501443166125
17.0625,0.05,0.03125,1.13017,0.0,-0.0235033,1.1304143638555244
17.1875,0.05,0.03125,1.19379,0.0,-0.0243335,1.1940379739866944
17.3125,0.05,0.03125,1.25993,0.0,-0.0251387,1.2601807644690066
17.4375,0.05,0.03125,1.32851,0.0,-0.0259012,1.3287624664557018
17.5625,0.05,0.03125,1.3994,0.0,-0.0265964,1.399652717102696
17.6875,0.05,0.03125,1.47236,0.0,-0.0271918,1.4726110700341892
17.8125,0.05,0.03125,1.54707,0.0,-0.0276431,1.547316944222356
17.9375,0.05,0.03125,1.62302,0.0,-0.0278917,1.623259642610784
18.0625,0.05,0.03125,1.69951,0.0,-0.0278596,1.6997383320417765
18.1875,0.05,0.03125,1.77558,0.0,-0.0274448,1.7757920918415646
18.3125,0.05,0.03125,1.84991,0.0,-0.0265149,1.8501000102756633
18.4375,0.05,0.03125,1.92072,0.0,-0.0249023,1.9208814234473948
18.5625,0.05,0.03125,1.98566,0.0,-0.0223989,1.9857863294728388
18.6875,0.05,0.03125,2.04169,0.0,-0.0187563,2.0417761520033704
18.8125,0.05,0.03125,2.08499,0.0,-0.0136933,2.085034965309908
18.9375,0.05,0.03125,2.11089,0.0,-0.00690264,2.1109012858347898
19.0625,0.05,0.03125,2.11391,0.0,0.00190635,2.113910859584747
19.1875,0.05,0.03125,2.0881,0.0,0.0129091,2.0881399030866707
19.3125,0.05,0.03125,2.02761,0.0,0.0260173,2.027776913765242
19.4375,0.05,0.03125,1.92796,0.0,0.0407045,1.928389643697624
19.5625,0.05,0.03125,1.78749,0.0,0.0560258,1.7883678006399133
19.6875,0.05,0.03125,1.6092,0.0,0.070229,1.610731744407181
19.8125,0.05,0.03125,1.4023,0.0,0.0813334,1.404656688289192
19.9375,0.05,0.03125,1.18081,0.0,0.0877814,1.1840683385201884
20.0625,0.05,0.03125,0.961618,0.0,0.0876267,0.9656022040555261
20.1875,0.05,0.03125,0.764356,0.0,0.0786647,0.7683932780562893
20.3125,0.05,0.03125,0.610663,0.0,0.0593135,0.6135367885068098
20.4375,0.05,0.03125,0.517964,0.0,0.032313,0.5189709387480189
20.5625,0.05,0.03125,0.488239,0.0,0.00411453,0.48825633685403497
20.6875,0.05,0.03125,0.515742,0.0,-0.0188992,0.5160881613878001
20.8125,0.05,0.03125,0.578474,0.0,-0.0330425,0.5794169271623414
20.9375,0.05,0.03125,0.660244,0.0,-0.0392784,0.6614113185020045
21.0625,0.05,0.03125,0.747821,0.0,-0.0399082,0.7488851129968067
21.1875,0.05,0.03125,0.831826,0.0,-0.037015,0.8326491485019365
21.3125,0.05,0.03125,0.90645,0.0,-0.0321408,0.9070196434061613
21.4375,0.05,0.03125,0.968532,0.0,-0.0263326,0.9688899013029085
21.5625,0.05,0.03125,1.01673,0.0,-0.0202598,1.0169318327184176
21.6875,0.05,0.03125,1.0509,0.0,-0.0143277,1.0509976655479736
21.8125,0.05,0.03125,1.07159,0.0,-0.00877273,1.0716259090240647
21.9375,0.05,0.03125,1.07986,0.0,-0.0037368,1.0798664654827652
22.0625,0.05,0.03125,1.0771,0.0,0.000749121,1.0771002605060833
22.1875,0.05,0.03125,1.06443,0.0,0.00471613,1.064440447738706
22.3125,0.05,0.03125,1.04304,0.0,0.00818689,1.0430721292259093
22.4375,0.05,0.03125,1.01412,0.0,0.0111837,1.0141816649622934
22.5625,0.05,0.03125,0.978798,0.0,0.0137363,0.9788943818112809
22.6875,0.05,0.03125,0.938157,0.0,0.0158795,0.9382913807390804
22.8125,0.05,0.03125,0.893182,0.0,0.0176491,0.8933563543484817
22.9375,0.05,0.03125,0.844778,0.0,0.0190804,0.8449934502397992
23.0625,0.05,0.03125,0.793766,0.0,0.0202062,0.7940231440420613
23.1875,0.05,0.03125,0.740887,0.0,0.021057,0.7411861736554454
23.3125,0.05,0.03125,0.68681,0.0,0.0216598,0.6871514556748316
23.4375,0.05,0.03125,0.632137,0.0,0.022039,0.6325210702340278
23.5625,0.05,0.03125,0.577409,0.0,0.0222158,0.5778362181887182
23.6875,0.05,0.03125,0.523115,0.0,0.0222089,0.5235862282988448
23.8125,0.05,0.03125,0.469692,0.0,0.0220345,0.4702085644203538
23.9375,0.05,0.03125,0.417537,0.0,0.0217066,0.4181008524896355
24.0625,0.05,0.03125,0.367003,0.0,0.0212375,0.3676169656248879
24.1875,0.05,0.03125,0.318408,0.0,0.0206382,0.3190761504143486
24.3125,0.05,0.03125,0.272033,0.0,0.0199186,0.27276125772359977
24.4375,0.05,0.03125,0.228125,0.0,0.0190882,0.2289222029516578
24.5625,0.05,0.03125,0.186895,0.0,0.0181566,0.18777487358153114
24.6875,0.05,0.03125,0.148515,0.0,0.0171344,0.1495001434392623
24.8125,0.05,0.03125,0.11312,0.0,0.0160335,0.11425063466891551
24.9375,0.05,0.03125,0.0807976,0.0,0.0148693,0.08215441709518727
25.0625,0.05,0.03125,0.0515762,0.0,0.013661,0.0533547310689502
25.1875,0.05,0.03125,0.0255371,0.0,0.0124318,0.028402343699948426
25.3125,0.05,0.03125,0.00233396,0.0,0.0110391,0.011283133345467471
25.4375,0.05,0.03125,-0.017762,0.0,0.00932628,0.020061608675238384
25.5625,0.05,0.03125,-0.034365,0.0,0.00762379,0.03520050282260326
25.6875,0.05,0.03125,-0.0481326,0.0,0.00615454,0.0485244839784165
25.8125,0.05,0.03125,-0.0593327,0.0,0.00489187,0.059534021209615096
25.9375,0.05,0.03125,-0.0682457,0.0,0.00381029,0.06835198518239322
26.0625,0.05,0.03125,-0.0751644,0.0,0.00289321,0.07522006176190034
26.1875,0.05,0.03125,-0.0803711,0.0,0.00212924,0.08039929961254388
26.3125,0.05,0.03125,-0.0841397,0.0,0.00150465,0.08415315257144262
26.4375,0.05,0.03125,-0.0867267,0.0,0.00100495,0.08673252225891105
26.5625,0.05,0.03125,-0.088367,0.0,0.000614625,0.08836913744566384
26.6875,0.05,0.03125,-0.0892695,0.0,0.000317739,0.08927006546610192
26.8125,0.05,0.03125,-0.0896139,0.0,9.79417e-05,0.08961395352168432
26.9375,0.05,0.03125,-0.0895482,0.0,-5.96746e-05,0.08954821988346771
27.0625,0.05,0.03125,-0.0891945,0.0,-0.000168797,0.0891946597206201
27.1875,0.05,0.03125,-0.0886451,0.0,-0.000242116,0.0886454306446049
27.3125,0.05,0.03125,-0.0879675,0.0,-0.00029054,0.0879679797980015
27.4375,0.05,0.03125,-0.087207,0.0,-0.000323028,0.08720759827038459
27.5625,0.05,0.03125,-0.0863917,0.0,-0.000346492,0.08639239483655992
27.6875,0.05,0.03125,-0.0855359,0.0,-0.000366083,0.08553668339123799
27.8125,0.05,0.03125,-0.0846438,0.0,-0.000385578,0.08464467820739875
27.9375,0.05,0.03125,-0.0837124,0.0,-0.000407673,0.08371339266231498
28.0625,0.05,0.03125,-0.0827332,0.0,-0.000434335,0.08273434008398342
28.1875,0.05,0.03125,-0.0816941,0.0,-0.000467077,0.08169543521968611
28.3125,0.05,0.03125,-0.08058,0.0,-0.000507275,0.08058159670747177
28.4375,0.05,0.03125,-0.0793727,0.0,-0.000556415,0.07937465025398364
28.5625,0.05,0.03125,-0.0780508,0.0,-0.000616396,0.07805323391550677
28.6875,0.05,0.03125,-0.0765888,0.0,-0.000689853,0.07659190676959028
28.8125,0.05,0.03125,-0.0749549,0.0,-0.000780626,0.0749589648471874
28.9375,0.05,0.03125,-0.0731083,0.0,-0.00089444,0.07311377128697165
29.0625,0.05,0.03125,-0.0709947,0.0,-0.00104007,0.07100231808677024
29.1875,0.05,0.03125,-0.0685394,0.0,-0.00123126,0.06855045844885066
29.3125,0.05,0.03125,-0.0656336,0.0,-0.00149025,0.06565051632715846
29.4375,0.05,0.03125,-0.0621103,0.0,-0.00185553,0.06213801057059117
29.5625,0.05,0.03125,-0.0577315,0.0,-0.00239602,0.05778119939989477
29.6875,0.05,0.03125,-0.0521719,0.0,-0.00321279,0.05227072956439483
29.8125,0.05,0.03125,-0.0442545,0.0,-0.00450808,0.044483520044353506
29.9375,0.05,0.03125,-0.0296049,0.0,-0.00716939,0.030460634546609498
0.0625,0.05,0.09375,-4.55845e-05,0.0,7.67125e-05,8.923426638069033e-05
0.1875,0.05,0.09375,-0.000139358,0.0,7.5479e-05,0.00015848574574705448
0.3125,0.05,0.09375,-0.000235529,0.0,7.51683e-05,0.00024723305435537943
0.4375,0.05,0.09375,-0.000331805,0.0,7.56131e-05,0.0003403114733837371
0.5625,0.05,0.09375,-0.000429373,0.0,7.69091e-05,0.000436206582701144
0.6875,0.05,0.09375,-0.000528797,0.0,7.8917e-05,0.000534653308320448
0.8125,0.05,0.09375,-0.000630719,0.0,8.15281e-05,0.0006359664205369729
0.9375,0.05,0.09375,-0.000735666,0.0,8.46259e-05,0.0007405173910900472
1.0625,0.05,0.09375,-0.000844049,0.0,8.80707e-05,0.0008486313466986063
1.1875,0.05,0.09375,-0.000956137,0.0,9.17199e-05,0.0009605261593652772
1.3125,0.05,0.09375,-0.00107205,0.0,9.54295e-05,0.0010762889909175183
1.4375,0.05,0.09375,-0.00119177,0.0,9.90767e-05,0.0011958812338116567
1.5625,0.05,0.09375,-0.00131517,0.0,0.000102556,0.0013191625608832294
1.6875,0.05,0.09375,-0.001442,0.0,0.000105792,0.0014458754950769446
1.8125,0.05,0.09375,-0.00157198,0.0,0.000108731,0.0015757358759516137
1.9375,0.05,0.09375,-0.00170474,0.0,0.000111341,0.0017083721157525955
2.0625,0.05,0.09375,-0.00183991,0.0,0.000113606,0.0018434139880493475
2.1875,0.05,0.09375,-0.00197711,0.0,0.000115527,0.0019804823755411203
2.3125,0.05,0.09375,-0.00211593,0.0,0.000117108,0.0021191682445157577
2.4375,0.05,0.09375,-0.00225599,0.0,0.000118363,0.0022590928887208242
2.5625,0.05,0.09375,-0.00239692,0.0,0.000119304,0.0023998872746060387
2.6875,0.05,0.09375,-0.00253836,0.0,0.000119951,0.0025411925806599154
2.8125,0.05,0.09375,-0.00267997,0.0,0.000120316,0.0026826694057889428
2.9375,0.05,0.09375,-0.0028214,0.0,0.000120414,0.002823968394192116
3.0625,0.05,0.09375,-0.00296234,0.0,0.000120255,0.002964779846906849
3.1875,0.05,0.09375,-0.00310248,0.0,0.000119851,0.0031047941014825764
3.3125,0.05,0.09375,-0.0032415,0.0,0.000119206,0.0032436911567589165
3.4375,0.05,0.09375,-0.0033791,0.0,0.000118326,0.0033811710770494884
3.5625,0.05,0.09375,-0.00351498,0.0,0.00011721,0.0035169336906600897
3.6875,0.05,0.09375,-0.00364884,0.0,0.000115858,0.0036506788987480123
3.8125,0.05,0.09375,-0.00378035,0.0,0.000114266,0.0037820765250396507
3.9375,0.05,0.09375,-0.00390921,0.0,0.000112429,0.00391082639657413
4.0625,0.05,0.09375,-0.00403507,0.0,0.000110337,0.004036578273546668
4.1875,0.05,0.09375,-0.0041576,0.0,0.00010798,0.004159001976484262
4.3125,0.05,0.09375,-0.00427644,0.0,0.000105344,0.004277737302819798
4.4375,0.05,0.09375,-0.00439119,0.0,0.000102413,0.004392384095075133
4.5625,0.05,0.09375,-0.00450146,0.0,9.91688e-05,0.00450255222984625
4.6875,0.05,0.09375,-0.00460682,0.0,9.55912e-05,0.00460781164870239
4.8125,0.05,0.09375,-0.00470679,0.0,9.16546e-05,0.004707682303405908
4.9375,0.05,0.09375,-0.0048009,0.0,8.73336e-05,0.004801694280948024
5.0625,0.05,0.09375,-0.0048886,0.0,8.25963e-05,0.004889297711202877
5.1875,0.05,0.09375,-0.00496932,0.0,7.74107e-05,0.00496992290472141
5.3125,0.05,0.09375,-0.00504244,0.0,7.17377e-05,0.0050429502725290965
5.4375,0.05,0.09375,-0.0051073,0.0,6.55373e-05,0.005107720472744303
5.5625,0.05,0.09375,-0.00516316,0.0,5.87621e-05,0.005163494375904403
5.6875,0.05,0.09375,-0.00520924,0.0,5.13633e-05,0.005209493215869169
5.8125,0.05,0.09375,-0.00524469,0.0,4.32838e-05,0.00524486860497405
5.9375,0.05,0.09375,-0.00526858,0.0,3.44644e-05,0.005268692723177862
6.0625,0.05,0.09375,-0.00527989,0.0,2.48365e-05,0.005279948414883638
6.1875,0.05,0.09375,-0.00527755,0.0,1.43293e-05,0.005277569453009452
6.3125,0.05,0.09375,-0.00526036,0.0,2.86523e-06,0.005260360780321342
6.4375,0.05,0.09375,-0.00522704,0.0,-9.635e-06,0.005227048880087596
6.5625,0.05,0.09375,-0.00517622,0.0,-2.32572e-05,0.005176272248032539
6.6875,0.05,0.09375,-0.00510639,0.0,-3.8097e-05,0.005106532112256712
6.8125,0.05,0.09375,-0.00501591,0.0,-5.42686e-05,0.005016203565351586
6.9375,0.05,0.09375,-0.00490302,0.0,-7.18858e-05,0.0049035469497743815
7.0625,0.05,0.09375,-0.00476578,0.0,-9.10741e-05,0.0047666501340134886
7.1875,0.05,0.09375,-0.00460213,0.0,-0.000111963,0.004603491745432916
7.3125,0.05,0.09375,-0.00440983,0.0,-0.000134697,0.004411886661135914
7.4375,0.05,0.09375,-0.00418644,0.0,-0.000159424,0.004189474416364898
7.5625,0.05,0.09375,-0.00392937,0.0,-0.00018631,0.003933784439061195
7.6875,0.05,0.09375,-0.00363579,0.0,-0.000215524,0.003642172362570997
7.8125,0.05,0.09375,-0.00330266,0.0,-0.000247255,0.0033119024911106606
7.9375,0.05,0.09375,-0.00292673,0.0,-0.000281697,0.0029402553788249416
8.0625,0.05,0.09375,-0.00250446,0.0,-0.000319064,0.0025247023047670395
8.1875,0.05,0.09375,-0.00203208,0.0,-0.000359573,0.002063647709452609
8.3125,0.05,0.09375,-0.00150552,0.0,-0.000403497,0.0015586533608884946
8.4375,0.05,0.09375,-0.00092035,0.0,-0.000451105,0.0010249584594143315
8.5625,0.05,0.09375,-0.000272029,0.0,-0.000502653,0.0005715416128769629
8.6875,0.05,0.09375,0.000445024,0.0,-0.000558379,0.0007140262377651118
8.8125,0.05,0.09375,0.00123478,0.0,-0.000618645,0.0013810877178604551
8.9375,0.05,0.09375,0.00210391,0.0,-0.00068333,0.002212097913068045
9.0625,0.05,0.09375,0.00305785,0.0,-0.000752508,0.0031490815982702005
9.1875,0.05,0.09375,0.00410328,0.0,-0.00082698,0.004185785789884619
9.3125,0.05,0.09375,0.00524704,0.0,-0.00090721,0.005324890491427969
9.4375,0.05,0.09375,0.00649651,0.0,-0.00099355,0.00657204563150622
9.5625,0.05,0.09375,0.00785951,0.0,-0.00108639,0.007934238506132773
9.6875,0.05,0.09375,0.00934444,0.0,-0.00118614,0.009419420736605835
9.8125,0.05,0.09375,0.0109602,0.0,-0.00129325,0.011036234847197662
9.9375,0.05,0.09375,0.0127162,0.0,-0.00140816,0.01279393047603433
10.0625,0.05,0.09375,0.0146225,0.0,-0.00153138,0.01470247023307308
10.1875,0.05,0.09375,0.0166899,0.0,-0.00166341,0.016772587601145507
10.3125,0.05,0.09375,0.0189297,0.0,-0.00180481,0.01901554314833263
10.4375,0.05,0.09375,0.021354,0.0,-0.00195615,0.02144341014909942
10.5625,0.05,0.09375,0.0239755,0.0,-0.00211804,0.02406887395977635
10.6875,0.05,0.09375,0.0268079,0.0,-0.0022911,0.026905624720864593
10.8125,0.05,0.09375,0.0298655,0.0,-0.00247601,0.029967961488397907
10.9375,0.05,0.09375,0.0331636,0.0,-0.00267346,0.03327118503046743
11.0625,0.05,0.09375,0.0367183,0.0,-0.00288418,0.036831400314981236
11.1875,0.05,0.09375,0.0405467,0.0,-0.00310893,0.04066571438736691
11.3125,0.05,0.09375,0.0446669,0.0,-0.00334852,0.044792237517235066
11.4375,0.05,0.09375,0.049098,0.0,-0.00360377,0.049230079851782696
11.5625,0.05,0.09375,0.0538601,0.0,-0.00387557,0.05399935568907188
11.6875,0.05,0.09375,0.0589746,0.0,-0.00416479,0.059121475970277504
11.8125,0.05,0.09375,0.0644639,0.0,-0.00447241,0.06461885834969619
11.9375,0.05,0.09375,0.0703517,0.0,-0.00479936,0.07051521501987781
12.0625,0.05,0.09375,0.0766629,0.0,-0.0051467,0.07683546549152938
12.1875,0.05,0.09375,0.0834237,0.0,-0.00551543,0.08360582330062243
12.3125,0.05,0.09375,0.0906617,0.0,-0.00590666,0.09085390734165262
12.4375,0.05,0.09375,0.0984059,0.0,-0.00632148,0.09860873320452099
12.5625,0.05,0.09375,0.106687,0.0,-0.00676107,0.1069010198105935
12.6875,0.05,0.09375,0.115536,0.0,-0.00722656,0.11576178326819953
12.8125,0.05,0.09375,0.124987,0.0,-0.00771921,0.12522514273109894
12.9375,0.05,0.09375,0.135075,0.0,-0.00824021,0.13532611235768247
13.0625,0.05,0.09375,0.145837,0.0,-0.00879086,0.14610171042304604
13.1875,0.05,0.09375,0.15731,0.0,-0.00937241,0.15758895319535599
13.3125,0.05,0.09375,0.169535,0.0,-0.00998622,0.16982885742678833
13.4375,0.05,0.09375,0.182553,0.0,-0.0106336,0.1828624380728858
13.5625,0.05,0.09375,0.196408,0.0,-0.0113159,0.1967337084914784
13.6875,0.05,0.09375,0.211144,0.0,-0.0120344,0.2114866792953164
13.8125,0.05,0.09375,0.226808,0.0,-0.0127907,0.22716837559504185
13.9375,0.05,0.09375,0.24345,0.0,-0.0135859,0.2438287907094033
14.0625,0.05,0.09375,0.261118,0.0,-0.0144216,0.2615159507000673
14.1875,0.05,0.09375,0.279867,0.0,-0.0152992,0.28028486082847925
14.3125,0.05,0.09375,0.299749,0.0,-0.01622,0.30018752705767104
14.4375,0.05,0.09375,0.32082,0.0,-0.0171854,0.32127995638252943
14.5625,0.05,0.09375,0.343138,0.0,-0.0181968,0.34362015449365013
14.6875,0.05,0.09375,0.366763,0.0,-0.0192556,0.3672681258976335
14.8125,0.05,0.09375,0.391756,0.0,-0.020363,0.3922848649960893
14.9375,0.05,0.09375,0.418178,0.0,-0.0215205,0.4187313835912589
15.0625,0.05,0.09375,0.446096,0.0,-0.0227292,0.44667466656240984
15.1875,0.05,0.09375,0.475574,0.0,-0.0239903,0.4761787101184701
15.3125,0.05,0.09375,0.506681,0.0,-0.025305,0.5073125060413946
15.4375,0.05,0.09375,0.539484,0.0,-0.0266743,0.540143040810941
15.5625,0.05,0.09375,0.574055,0.0,-0.0280991,0.5747422922021747
15.6875,0.05,0.09375,0.610464,0.0,-0.02958,0.6111802284891095
15.8125,0.05,0.09375,0.648783,0.0,-0.0311176,0.6495288185436886
15.9375,0.05,0.09375,0.689083,0.0,-0.032712,0.6898590115617829
16.0625,0.05,0.09375,0.731436,0.0,-0.0343629,0.7322427404846087
16.1875,0.05,0.09375,0.775913,0.0,-0.0360695,0.776750920436693
16.3125,0.05,0.09375,0.822583,0.0,-0.0378301,0.8234524323572127
16.4375,0.05,0.09375,0.871512,0.0,-0.0396422,0.8724131304404124
16.5625,0.05,0.09375,0.922761,0.0,-0.0415016,0.9236938052859075
16.6875,0.05,0.09375,0.976385,0.0,-0.0434025,0.9773491930887598
16.8125,0.05,0.09375,1.03243,0.0,-0.0453365,1.03342493831543
16.9375,0.05,0.09375,1.09092,0.0,-0.0472915,1.0919445646974253
17.0625,0.05,0.09375,1.15188,0.0,-0.0492512,1.1529324416900757
17.1875,0.05,0.09375,1.21529,0.0,-0.0511926,1.2163677348543738
17.3125,0.05,0.09375,1.2811,0.0,-0.0530847,1.2821993586701288
17.4375,0.05,0.09375,1.34922,0.0,-0.054885,1.3503358736347784
17.5625,0.05,0.09375,1.41949,0.0,-0.056536,1.4206154227643735
17.6875,0.05,0.09375,1.49167,0.0,-0.0579601,1.4927956196653345
17.8125,0.05,0.09375,1.56541,0.0,-0.0590532,1.5665234592977662
17.9375,0.05,0.09375,1.64018,0.0,-0.0596769,1.6412652938491115
18.0625,0.05,0.09375,1.7153,0.0,-0.0596479,1.7163367857079828
18.1875,0.05,0.09375,1.78979,0.0,-0.0587265,1.790753206307963
18.3125,0.05,0.09375,1.86235,0.0,-0.056604,1.8632100083769407
18.4375,0.05,0.09375,1.93125,0.0,-0.0528895,1.9319740841197248
18.5625,0.05,0.09375,1.99424,0.0,-0.0471022,1.9947961787723678
18.6875,0.05,0.09375,2.04841,0.0,-0.0386733,2.0487750369996434
18.8125,0.05,0.09375,2.09014,0.0,-0.0269707,2.090314004703238
18.9375,0.05,0.09375,2.11504,0.0,-0.0113682,2.115070551440599
19.0625,0.05,0.09375,2.11804,0.0,0.00861448,2.1180575183090924
19.1875,0.05,0.09375,2.09374,0.0,0.0330887,2.094001444523783
19.3125,0.05,0.09375,2.03707,0.0,0.0614922,2.037997908625237
19.4375,0.05,0.09375,1.94447,0.0,0.0920555,1.9466478356344399
19.5625,0.05,0.09375,1.81534,0.0,0.121921,1.8194295935377658
19.6875,0.05,0.09375,1.65415,0.0,0.146555,1.6606295765537238
19.8125,0.05,0.09375,1.47202,0.0,0.161699,1.480874554782072
19.9375,0.05,0.09375,1.28431,0.0,0.164953,1.2948597098948595
20.0625,0.05,0.09375,1.10827,0.0,0.154273,1.1189560096040416
20.1875,0.05,0.09375,0.961258,0.0,0.128742,0.969840938055308
20.3125,0.05,0.09375,0.857753,0.0,0.0896676,0.8624270911206117
20.4375,0.05,0.09375,0.804112,0.0,0.0439331,0.8053112602091257
20.5625,0.05,0.09375,0.79546,0.0,0.000357996,0.7954600805578719
20.6875,0.05,0.09375,0.821439,0.0,-0.0337624,0.8221325503681022
20.8125,0.05,0.09375,0.869884,0.0,-0.054509,0.8715901585820023
20.9375,0.05,0.09375,0.930319,0.0,-0.0635483,0.9324869051058519
21.0625,0.05,0.09375,0.993682,0.0,-0.0639749,0.9957392755907591
21.1875,0.05,0.09375,1.05325,0.0,-0.0587434,1.05488688945477
21.3125,0.05,0.09375,1.10468,0.0,-0.0501892,1.1058195414246577
21.4375,0.05,0.09375,1.14551,0.0,-0.0399876,1.1462077334644711
21.5625,0.05,0.09375,1.17466,0.0,-0.0292637,1.175024459208271
21.6875,0.05,0.09375,1.192,0.0,-0.0187348,1.1921472194033083
21.8125,0.05,0.09375,1.19802,0.0,-0.008848,1.1980526730924648
21.9375,0.05,0.09375,1.1936,0.0,0.000128529,1.1936000069201171
22.0625,0.05,0.09375,1.17967,0.0,0.00814044,1.1796980866575115
22.1875,0.05,0.09375,1.15726,0.0,0.0152315,1.157360231817324
22.3125,0.05,0.09375,1.1275,0.0,0.0214084,1.127703227622658
22.4375,0.05,0.09375,1.09143,0.0,0.0266906,1.0917563066125882
22.5625,0.05,0.09375,1.05006,0.0,0.0311248,1.050521183401382
22.6875,0.05,0.09375,1.00431,0.0,0.0347721,1.00491177475359
22.8125,0.05,0.09375,0.955052,0.0,0.0376986,0.9557957455157248
22.9375,0.05,0.09375,0.903063,0.0,0.0399701,0.903947117293379
23.0625,0.05,0.09375,0.849057,0.0,0.0416494,0.8500779151168203
23.1875,0.05,0.09375,0.793681,0.0,0.0427948,0.7948338975333399
23.3125,0.05,0.09375,0.737516,0.0,0.0434596,0.7387953621187399
23.4375,0.05,0.09375,0.681089,0.0,0.0436921,0.6824889929686853
23.5625,0.05,0.09375,0.624872,0.0,0.0435354,0.6263867395125474
23.6875,0.05,0.09375,0.569293,0.0,0.0430284,0.5709167741935423
23.8125,0.05,0.09375,0.514735,0.0,0.0422058,0.5164624379164859
23.9375,0.05,0.09375,0.461545,0.0,0.041099,0.46337124945986885
24.0625,0.05,0.09375,0.410034,0.0,0.039737,0.4119549857994196
24.1875,0.05,0.09375,0.360479,0.0,0.0381467,0.36249176564701435
24.3125,0.05,0.09375,0.313127,0.0,0.036354,0.31523028319785523
24.4375,0.05,0.09375,0.268193,0.0,0.0343847,0.2703882261547089
24.5625,0.05,0.09375,0.225863,0.0,0.0322651,0.22815593669026016
24.6875,0.05,0.09375,0.186287,0.0,0.0300232,0.18869085538848987
24.8125,0.05,0.09375,0.149585,0.0,0.0276891,0.15212612689413346
24.9375,0.05,0.09375,0.115839,0.0,0.0252967,0.1185689544184733
25.0625,0.05,0.09375,0.0850885,0.0,0.0228808,0.08811120156308164
25.1875,0.05,0.09375,0.0573751,0.0,0.0204843,0.060922152346252506
25.3125,0.05,0.09375,0.0326273,0.0,0.0180504,0.037287499855179346
25.4375,0.05,0.09375,0.0108438,0.0,0.0154965,0.018913738675629416
25.5625,0.05,0.09375,-0.008159,0.0,0.0129677,0.015320917867086163
25.6875,0.05,0.09375,-0.0242327,0.0,0.0106833,0.02648313894122069
25.8125,0.05,0.09375,-0.037696,0.0,0.00865937,0.03867781153060369
25.9375,0.05,0.09375,-0.0488095,0.0,0.00688337,0.049292474809111586
26.0625,0.05,0.09375,-0.0578392,0.0,0.0053424,0.05808540517548277
26.1875,0.05,0.09375,-0.0650423,0.0,0.00402893,0.06516696299686597
26.3125,0.05,0.09375,-0.0706711,0.0,0.00293077,0.07073184422876941
26.4375,0.05,0.09375,-0.0749656,0.0,0.00203223,0.07499314063387996
26.5625,0.05,0.09375,-0.0781499,0.0,0.00131404,0.0781609465854374
26.6875,0.05,0.09375,-0.0804283,0.0,0.000754426,0.08043183822019409
26.8125,0.05,0.09375,-0.0819817,0.0,0.000329561,0.08198236240401177
26.9375,0.05,0.09375,-0.0829669,0.0,1.60629e-05,0.0829669015549379
27.0625,0.05,0.09375,-0.0835125,0.0,-0.000208464,0.0835127601836348
27.1875,0.05,0.09375,-0.0837217,0.0,-0.000365284,0.08372249687682909
27.3125,0.05,0.09375,-0.0836777,0.0,-0.000473213,0.08367903804318838
27.4375,0.05,0.09375,-0.0834421,0.0,-0.000548156,0.08344390048056441
27.5625,0.05,0.09375,-0.0830586,0.0,-0.000602905,0.08306078815180497
27.6875,0.05,0.09375,-0.0825567,0.0,-0.000647301,0.08255923760230953
27.8125,0.05,0.09375,-0.081954,0.0,-0.000688725,0.08195689390237788
27.9375,0.05,0.09375,-0.0812595,0.0,-0.000732572,0.08126280208056565
28.0625,0.05,0.09375,-0.0804754,0.0,-0.000782793,0.0804792070664271
28.1875,0.05,0.09375,-0.0795986,0.0,-0.000842384,0.0796030573078915
28.3125,0.05,0.09375,-0.0786222,0.0,-0.000913903,0.07862751141638281
28.4375,0.05,0.09375,-0.0775356,0.0,-0.000999908,0.07754204719614038
28.5625,0.05,0.09375,-0.0763246,0.0,-0.00110344,0.07633257590959185
28.6875,0.05,0.09375,-0.0749714,0.0,-0.00122854,0.07498146523302675
28.8125,0.05,0.09375,-0.0734529,0.0,-0.0013809,0.07346587917679881
28.9375,0.05,0.09375,-0.0717399,0.0,-0.0015688,0.07175705112008157
29.0625,0.05,0.09375,-0.0697939,0.0,-0.00180467,0.0698172278955481
29.1875,0.05,0.09375,-0.0675644,0.0,-0.00210743,0.06759725888351464
29.3125,0.05,0.09375,-0.0649825,0.0,-0.00250681,0.06503083424519557
29.4375,0.05,0.09375,-0.0619525,0.0,-0.00305111,0.062027586834263515
29.5625,0.05,0.09375,-0.0583483,0.0,-0.00382353,0.058473442643228214
29.6875,0.05,0.09375,-0.0540304,0.0,-0.0049606,0.054257641641707946
29.8125,0.05,0.09375,-0.0488236,0.0,-0.00665007,0.04927440865160028
29.9375,0.05,0.09375,-0.0405977,0.0,-0.00937473,0.04166603902296089
